ID,AppName,MobileDeviceBrand,DeveloperManufacturer,IsCapture,IsEditor,Licensor
1,"PlainVR","Windows","",0,0,""
2,"No crop Insta Square Size","Windows","",0,0,""
3,"Media Fire","Windows","",0,0,""
4,"Photo Background","Windows","",0,0,""
5,"Romantic Phot Frames","Windows","",0,0,""
6,"Love You Collages Photo Editor","Windows","",0,0,""
7,"BLACK","Windows","",0,0,""
8,"Ugly Face Booth Funny Effects","Windows","",0,0,""
9,"Ztitch","Windows","",0,0,""
10,"Photo HUB","Windows","",0,0,""
11,"Photo Frame Collage Camera ","Windows","",0,0,""
12,"HDR Photo Camera Lite","Windows","",0,0,""
13,"Superheroes Photo Booth","Windows","",0,0,""
14,"PIP Camera Effects","Windows","",0,0,""
15,"Textifier","Windows","",0,0,""
16,"CnX Player","Windows","",0,0,""
17,"Phantom Photo","Windows","",0,0,""
18,"Photos in Glass","Windows","",0,0,""
19,"Pickit Uploader","Windows","",0,0,""
20,"Beautiful Floweres Photo Frames HD","Windows","",0,0,""
21,"Ghep anh So Cool","Windows","",0,0,""
22,"Picture Grid Collage","Windows","",0,0,""
23,"Cam+","Windows","",0,0,""
24,"Split Pic","Windows","",0,0,""
25,"Geo Cam","Windows","",0,0,""
26,"Change Dress & Clothing Color","Windows","",0,0,""
27,"Pattern Startscreen","Windows","",0,0,""
28,"Tattoo Gallery 2.0","Windows","",0,0,""
29,"Picture Say","Windows","",0,0,""
30,"Gif Effect Maker","Windows","",0,0,""
31,"XnRetro","Windows","",0,0,""
32,"Selfie","Windows","",0,0,""
33,"PhotoTales","Windows","",0,0,""
34,"Picture Info ","Windows","",0,0,""
35,"Flash Selfie","Windows","",0,0,""
36,"Nature HD Photo Frames","Windows","",0,0,""
37,"Voice Camera","Windows","",0,0,""
38,"Masks","Windows","",0,0,""
39,"Black and White Camera + ","Windows","",0,0,""
40,"Slideshows VR","Windows","",0,0,""
41,"Zombie Camera Booth FREE","Windows","",0,0,""
42,"InstaCam Pro","Windows","",0,0,""
43,"Warp Photo Booth","Windows","",0,0,""
44,"InstagramDownloader","Windows","",0,0,""
45,"Shakem","Windows","",0,0,""
46,"Moquu","Windows","",0,0,""
47,"Lenses","Windows","",0,0,""
48,"Zombie Face Photo Maker HD","Windows","",0,0,""
49,"Pixel ","Windows","",0,0,""
50,"Camera Roll Sync","Windows","",0,0,""
51,"Camera Timer","Windows","",0,0,""
52,"Glitter Photo Frames","Windows","",0,0,""
53,"Classic Photo Editor","Windows","",0,0,""
54,"Birthday Collages for Teens","Windows","",0,0,""
55,"Self Timer","Windows","",0,0,""
56,"Ghosts in your photo - Prank","Windows","",0,0,""
57,"Photogram","Windows","",0,0,""
58,"ShutterPro","Windows","",0,0,""
59,"Photo Booth Face Effects","Windows","",0,0,""
60,"Write on Picture (Free)","Windows","",0,0,""
61,"Magic Hours","Windows","",0,0,""
62,"Water Fall Photo Fram","Windows","",0,0,""
63,"Video Squarer Pro","Windows","",0,0,""
64,"KVADPhoto+","Windows","",0,0,""
65,"Ravishing Lumia","Windows","",0,0,""
66,"Hipster Camera","Windows","",0,0,""
67,"Fat You!","Windows","",0,0,""
68,"Stayfilm","Windows","",0,0,""
69,"Headshot Free","Windows","",0,0,""
70,"Custom collage Free","Windows","",0,0,""
71,"PhotoShader","Windows","",0,0,""
72,"Photo editor Free","Windows","",0,0,""
73,"photo Frame - Love","Windows","",0,0,""
74,"Glass and Bottle Frames","Windows","",0,0,""
75,"PIP Effects","Windows","",0,0,""
76,"Face Changer Photo Fun","Windows","",0,0,""
77,"SoMEE Free","Windows","",0,0,""
78,"Picture2Cams","Windows","",0,0,""
79,"Amazing Photo Collage Editor","Windows","",0,0,""
80,"Intellicam","Windows","",0,0,""
81,"I Love You Photo Frames","Windows","",0,0,""
82,"Photo Mixer Ultimate","Windows","",0,0,""
83,"Prinicular","Windows","",0,0,""
84,"10 Player","Windows","",0,0,""
85,"Photo Studio","Windows","",0,0,""
86,"Photo Editor Pro","Windows","",0,0,""
87,"Face Fun Photo Collage Maker","Windows","",0,0,""
88,"Princess Photo Frame","Windows","",0,0,""
89,"Funny Mirror","Windows","",0,0,""
90,"PhotoEditor by BeHance","Android","",0,0,""
91,"Flickr","Android","",0,0,""
92,"Color Grab","Android","",0,0,""
93,"Photo Lab Picture Editor FX","Android","",0,0,""
94,"YouPic","Android","",0,0,""
95,"Boomarang from Instagram","Android","",0,0,""
96,"Lune","Android","",0,0,""
97,"Camera MX","Android","",0,0,""
98,"Smart HDR","Android","",0,0,""
99,"Glitch!","Android","",0,0,""
100,"Behance Display","Android","",0,0,""
101,"Vivv Free Effects and filters","Android","",0,0,""
102,"PhotoSuite 4 Free","Android","",0,0,""
103,"Fotor Photo Editor ","Android","",0,0,""
104,"Thug Life Photo Maker","Android","",0,0,""
105,"Layout from Instagram","Android","",0,0,""
106,"Lidow ","Android","",0,0,""
107,"Pixelator","Windows","",0,0,""
108,"Phot Effects Editor","Windows","",0,0,""
109,"DualShot","Windows","",0,0,""
110,"Blendifier","Windows","",0,0,""
111,"Perfect Photo Locker","Windows","",0,0,""
112,"Photos Collage","Windows","",0,0,""
113,"Text To Image Maker","Windows","",0,0,""
114,"Face Mask","Windows","",0,0,""
115,"Project Tripod Blend Collage Photo Editor","Windows","",0,0,""
116,"Blur Photo Background ","Windows","",0,0,""
117,"Skechifi","Windows","",0,0,""
118,"Color Splash Effects Photo","Windows","",0,0,""
119,"Camera and Photo Filters","Windows","",0,0,""
120,"Foto Colagem","Windows","",0,0,""
121,"Add Audio to Video Pro","Windows","",0,0,""
122,"Glam Girl Photo Booth Studio","Windows","",0,0,""
123,"Snap It!","Windows","",0,0,""
124,"Face Funny Changer","Windows","",0,0,""
125,"Camera Buddy ++ ","Windows","",0,0,""
126,"1Shot Camera","Windows","",0,0,""
127,"Sketch Me! Pro","Windows","",0,0,""
128,"Gig Me Camera!","Windows","",0,0,""
129,"Kaleidoscopic","Windows","",0,0,""
130,"AutoPanorama","Windows","",0,0,""
131,"OnePhoto Plus","Windows","",0,0,""
132,"Photostream","Windows","",0,0,""
133,"Photo Mixer Photo Collage","Windows","",0,0,""
134,"Dark Lumia","Windows","",0,0,""
135,"Funny Faces","Windows","",0,0,""
136,"DECO FACE Free","Windows","",0,0,""
137,"HDR X","Windows","",0,0,""
138," Insta Square Size","Windows","",0,0,""
139,"Media Player Lite","Windows","",0,0,""
140,"Video Player!","Windows","",0,0,""
141,"Collage Maker - Photo Grid","Windows","",0,0,""
142,"Foto Slideshow","Windows","",0,0,""
143,"Image Editor lite","Windows","",0,0,""
144,"Photo Lock Advanced","Windows","",0,0,""
145,"Love Collage Maker for Photos","Windows","",0,0,""
146,"Blur ","Windows","",0,0,""
147,"Wallpaper HD 2015","Windows","",0,0,""
148,"Colorify","Windows","",0,0,""
149,"Snapcat","Windows","",0,0,""
150,"Face Touch","Windows","",0,0,""
151,"Auto Face Swap","Windows","",0,0,""
152,"Photo Blender Camera","Windows","",0,0,""
153,"Video 2 Gif","Windows","",0,0,""
154,"SpyPhone","Windows","",0,0,""
155,"Cute Frames","Windows","",0,0,""
156,"SloPro","Windows","",0,0,""
157,"PicMix","Windows","",0,0,""
158,"Strange Camera","Windows","",0,0,""
159,"Mirror Photo Edit Collage","Windows","",0,0,""
160,"Camera Effects +","Windows","",0,0,""
161,"Camera 360","Android","",0,0,""
162,"No Crop & Square for Instagram","Android","",0,0,""
163,"500px","Android","",0,0,""
164,"Face Editor by Scoompa","Android","",0,0,""
165,"Photo Editor Pro","Android","",0,0,""
166,"Snapseed","Android","",0,0,""
167,"Photo Gallery HD and Editor","Android","",0,0,""
168,"A+ Gallery Photos & Videos","Android","",0,0,""
169,"Pixiz","Android","",0,0,""
170,"Photo Watermark","Android","",0,0,""
171,"NIKON IMAGE SPACE","Android","",0,0,""
172,"Candy Camera","Android","",0,0,""
173,"Phonto ","Android","",0,0,""
174,"Shutterstock Contributor","Android","",0,0,""
175,"PicsArt Photo Studio","Android","",0,0,""
176,"PicLab","Android","",0,0,""
177,"Photo Art","Android","",0,0,""
178,"PhotoLayers","Android","",0,0,""
179,"Retrica","Android","",0,0,""
180,"PhotoDirector Photo Editor App","Android","",0,0,""
181,"Photo Editor - FotoRus","Android","",0,0,""
182,"Background Eraser","Android","",0,0,""
183,"Video Editor No Crop, Music, Cut","Android","",0,0,""
184,"Font Studio-Photo Texts Image","Android","",0,0,""
185,"Blurize","Android","",0,0,""
186,"InstaSize","Android","",0,0,""
187,"Moments","Android","",0,0,""
188,"Photo Editor by Aviary","Android","",0,0,""
189,"You Cam Perfect","Android","",0,0,""
190,"Night Vision Camera","Android","",0,0,""
191,"Spinly Photo Editor","Android","",0,0,""
192,"AfterFocus","Android","",0,0,""
193,"Optical Flares","Android","",0,0,""
194,"Plastic Surgery Simulator Lite","Android","",0,0,""
195,"Photoshop Editor","Android","",0,0,""
196,"Sketch Guru","Android","",0,0,""
197,"B612 ","Android","",0,0,""
198,"Instagrids","Android","",0,0,""
199,"Photo Collada","Android","",0,0,""
200,"Inkgboard","Android","",0,0,""
201,"Ablub","Android","",0,0,""
202,"PIP Camera ","Android","",0,0,""
203,"Noah Camera","Android","",0,0,""
204,"YouCam Makeup","Android","",0,0,""
205,"SmugMug","Android","",0,0,""
206,"Square InstaPic","Android","",0,0,""
207,"Facetune","Android","",0,0,""
208,"AR effect","Android","",0,0,""
209,"JPEG Converter","Android","",0,0,""
210,"KODAK Moments","Android","",0,0,""
211,"Scene","Android","",0,0,""
212,"Shapegram","Android","",0,0,""
213,"Rookie Cam by JellyBus","Android","",0,0,""
214,"LINE Camera","Android","",0,0,""
215,"MIX by Camera 360","Android","",0,0,""
216,"PlayMemories Online","Android","",0,0,""
217,"Visage Lab","Android","",0,0,""
218,"Photo Ediotr Pro","Android","",0,0,""
219,"Perfect 365","Android","",0,0,""
220,"Image Combiner","Android","",0,0,""
221,"Photo Studio","Android","",0,0,""
222,"Photo Editor","Android","",0,0,""
223,"Pixlr-o-matic","Android","",0,0,""
224,"XNRetri","Android","",0,0,""
225,"Background Removal","Android","",0,0,""
226,"Photo Editor Collage","Android","",0,0,""
227,"GIF Camera","Android","",0,0,""
228,"Cut Paste Photos","Android","",0,0,""
229,"Timeshift burst","Android","",0,0,""
230,"Repix","Android","",0,0,""
231,"Photo Effects","Android","",0,0,""
232,"InstaFace","Android","",0,0,""
233,"Pencil Sketch","Android","",0,0,""
234,"Tatoo On Photo","Android","",0,0,""
235,"Photo Effects Pro","Android","",0,0,""
236,"LkipMix","Android","",0,0,""
237,"F-Stop Media Gallery","Android","",0,0,""
238,"Eye Color Changer","Android","",0,0,""
239,"NieceEyes","Android","",0,0,""
240,"Selfie Camera","Android","",0,0,""
241,"BeautyPlus","Android","",0,0,""
242,"Portrait Sketch","Android","",0,0,""
243,"FOTO gallery","Android","",0,0,""
244,"Postly","Android","",0,0,""
245,"Tatoo my Photo 2","Android","",0,0,""
246,"Birthday","Android","",0,0,""
247,"Collage Square Instagram","Android","",0,0,""
248,"Photo Grid","Android","",0,0,""
249,"Props Cymera","Android","",0,0,""
250,"Photo Phuniya","Android","",0,0,""
251,"Color Splash FX","Android","",0,0,""
252,"Lipix","Android","",0,0,""
253,"Macaron Cam","Android","",0,0,""
254,"PiZap Photo Editor","Android","",0,0,""
255,"PhotFunia","Android","",0,0,""
256,"PhotoMaker","Android","",0,0,""
257,"PicsPlay","Android","",0,0,""
258,"Pic Effects","Android","",0,0,""
259,"Blur Image Background","Android","",0,0,""
260,"Mirror Photo Collage","Android","",0,0,""
261,"PicSay ","Android","",0,0,""
262,"You doodle","Android","",0,0,""
263,"Animals","Android","",0,0,""
264,"Doodle","Android","",0,0,""
265,"Picture Grid Collage","Android","",0,0,""
266,"Phto Editor MAX","Android","",0,0,""
267,"Magazine Photo Effect","Android","",0,0,""
268,"Photo Editor Color","Android","",0,0,""
269,"Passport ID Photo Maker","Android","",0,0,""
270,"Nature Phot Frames","Android","",0,0,""
271,"Scapbook and collage","Android","",0,0,""
272,"Replace Photo Background","Android","",0,0,""
273,"Collage&Add Stickers","Android","",0,0,""
274,"Retro Photo Camera","Android","",0,0,""
275,"Clouds & Sheep","Android","",0,0,""
276,"Girls Camera Lite","Android","",0,0,""
277,"Shuterstock","Android","",0,0,""
278,"Photo Editor ","Android","",0,0,""
279,"Video Collage Maker","Android","",0,0,""
280,"PicFrames","Android","",0,0,""
281,"GalleryHD ","Android","",0,0,""
282,"Sea Photo Frames","Android","",0,0,""
283,"Photo Collage Maker","Android","",0,0,""
284,"Circus","Android","",0,0,""
285,"Photo Collage","Android","",0,0,""
286,"PhotoGallery","Android","",0,0,""
287,"Valenine","Android","",0,0,""
288,"Edit Photo with Square Frame","Android","",0,0,""
289,"Boomarang from Instagram","Android","",0,0,""
290,"MakeupPlus","Android","",0,0,""
291,"Z Camera","Android","",0,0,""
292,"Foodie","Android","",0,0,""
293,"Camly Photo Editor","Android","",0,0,""
294,"GoPro App","Android","",0,0,""
295,"Photo Ediotr by Aviary","Android","",0,0,""
296,"PhotoDirector","Android","",0,0,""
297,"Cymera","Android","",0,0,""
298,"Pic Collage","Android","",0,0,""
299,"Pixgram","Android","",0,0,""
300,"Mirror Photo ","Android","",0,0,""
301,"Flipgram","Android","",0,0,""
302,"Magisto Video Editor","Android","",0,0,""
303,"Adobe Photoshop Express","Android","",0,0,""
304,"VideoShow","Android","",0,0,""
305,"iGrann","Blackberry","",0,0,""
306,"Photo Studio","Blackberry","",0,0,""
307,"ScreenGrabber Free","Blackberry","",0,0,""
308,"PicStory","Blackberry","",0,0,""
309,"Photo-sketch HD","Blackberry","",0,0,""
310,"PicMix ","Blackberry","",0,0,""
311,"PicMix for BlackBerry 10","Blackberry","",0,0,""
312,"FREE Photo Grid","Blackberry","",0,0,""
313,"PhotoFonty","Blackberry","",0,0,""
314,"Flash Light Free","Blackberry","",0,0,""
315,"Free Camrea 365+","Blackberry","",0,0,""
316,"Free Photo Collage","Blackberry","",0,0,""
317,"PhotoLab Free","Blackberry","",0,0,""
318,"PicsArt","Blackberry","",0,0,""
319,"Flashlight Linterna","Blackberry","",0,0,""
320,"Photo Effects","Blackberry","",0,0,""
321,"Screen Snapp (Free Screenshot)","Blackberry","",0,0,""
322,"Remote Selfie","Blackberry","",0,0,""
323,"Screen Capture Free","Blackberry","",0,0,""
324,"FREE Camera +","Blackberry","",0,0,""
325,"Photo Editor Ultimate Free","Blackberry","",0,0,""
326,"Bright Camera","Blackberry","",0,0,""
327,"Capture Professional Free ","Blackberry","",0,0,""
328,"Photo Frames - Valenites Edition","Blackberry","",0,0,""
329,"Free Valentine  Special - Photo Collage","Blackberry","",0,0,""
330,"Panorama 360 Free","Blackberry","",0,0,""
331,"Free Valentine Special - Insta Photo Collage","Blackberry","",0,0,""
332,"Mock It","Blackberry","",0,0,""
333,"Night Vision Camera","Blackberry","",0,0,""
334,"FREE Screen Capture","Blackberry","",0,0,""
335,"Ghost Camera","Blackberry","",0,0,""
336,"Photo Collage Maker Free","Blackberry","",0,0,""
337,"Photo Editor Free","Blackberry","",0,0,""
338,"Photo Smudge Freee","Blackberry","",0,0,""
339,"Free Photo Stitch","Blackberry","",0,0,""
340,"Hide Media","Blackberry","",0,0,""
341,"Free Photo Mania 360","Blackberry","",0,0,""
342,"Spy Camera Free","Blackberry","",0,0,""
343,"Silent-Camera","Blackberry","",0,0,""
344,"Effectica Social","Blackberry","",0,0,""
345,"Picture Effects Free","Blackberry","",0,0,""
346,"Free Split Camera","Blackberry","",0,0,""
347,"Clone Camera Free","Blackberry","",0,0,""
348,"PhotoCard","Blackberry","",0,0,""
349,"Video ScreenShots","Blackberry","",0,0,""
350,"Collage Maker Free","Blackberry","",0,0,""
351,"Photo Splasher","Blackberry","",0,0,""
352,"Sketch Me Free","Blackberry","",0,0,""
353,"A+ Picture Effects ","Blackberry","",0,0,""
354,"Free Collage 365","Blackberry","",0,0,""
355,"Face Changer Free","Blackberry","",0,0,""
356,"Selfie Assistant","Blackberry","",0,0,""
357,"PhotoFunia","Blackberry","",0,0,""
358,"Pencil Sketch Art Free","Blackberry","",0,0,""
359,"Sketch Guru Free","Blackberry","",0,0,""
360,"Square DP","Blackberry","",0,0,""
361,"Fusion Camera Free","Blackberry","",0,0,""
362,"InstaText","Blackberry","",0,0,""
363,"Dabinci Cam","Blackberry","",0,0,""
364,"Free Silent Camera","Blackberry","",0,0,""
365,"Spark Me","Blackberry","",0,0,""
366,"Burst Camera Free","Blackberry","",0,0,""
367,"Photo Distortions with Framees Sketch and Splasher","Blackberry","",0,0,""
368,"Dual Camera Free","Blackberry","",0,0,""
369,"Free Ghost Camera","Blackberry","",0,0,""
370,"Photo Studio Pro","Blackberry","",0,0,""
371,"Photo Shape Maker Free Limited Period Offer","Blackberry","",0,0,""
372,"ViSS","Blackberry","",0,0,""
373,"Crop Photos","Blackberry","",0,0,""
374,"Free Photo Splasher ","Blackberry","",0,0,""
375,"Face Timer Free","Blackberry","",0,0,""
376,"Free Pic Joiner","Blackberry","",0,0,""
377,"Camera ++ Free","Blackberry","",0,0,""
378,"Scary Face Maker Free","Blackberry","",0,0,""
379,"Mirror for BlackBerry 10","Blackberry","",0,0,""
380,"Photo Collage","Blackberry","",0,0,""
381,"Fotomixer","Blackberry","",0,0,""
382,"eCamera","Blackberry","",0,0,""
383,"Funny Animal Frames","Blackberry","",0,0,""
384,"Vintage Camera Free","Blackberry","",0,0,""
385,"FotoFilter Free","Blackberry","",0,0,""
386,"FileNew","Apple","",0,0,""
387,"Mirrorly","Apple","",0,0,""
388,"OVLA","Apple","",0,0,""
389,"PicTapGo","Apple","",0,0,""
390,"VSCO","Apple","",0,0,""
391,"Mextures","Apple","",0,0,""
392,"Effects Studio","Apple","",0,0,""
393,"Live Focus","Apple","",0,0,""
394,"Annotable","Apple","",0,0,""
395,"MuseCam","Apple","",0,0,""
396,"MaxCurve","Apple","",0,0,""
397,"Analogue","Apple","",0,0,""
398,"This by Tinrocket","Apple","",0,0,""
399,"Lumibee","Apple","",0,0,""
400,"Polarr Photo Editor","Apple","",0,0,""
401,"BitCam","Apple","",0,0,""
402,"Vimli","Apple","",0,0,""
403,"ProCamera + HDR & LowLight","Apple","",0,0,""
404,"Moment ","Apple","",0,0,""
405,"Mavis","Apple","",0,0,""
406,"Finally","Apple","",0,0,""
407,"M Cam","Apple","",0,0,""
408,"Elie","Apple","",0,0,""
409,"Fotomecha","Apple","",0,0,""
410,"ProShot","Apple","",0,0,""
411,"Baby Story","Apple","",0,0,""
412,"Slo Mo Video","Apple","",0,0,""
413,"Slide -3D Gif Camera","Apple","",0,0,""
414,"Musemage ","Apple","",0,0,""
415,"Audrey","Apple","",0,0,""
416,"HIPSTAMATIC","Apple","",0,0,""
417,"Camera+ ","Apple","",0,0,""
418,"Horizon Camera","Apple","",0,0,""
419,"Spark Camera","Apple","",0,0,""
420,"ProCam 3","Apple","",0,0,""
421,"Top Camera 2","Apple","",0,0,""
422,"Focus [+]-","Apple","",0,0,""
423,"infltr","Apple","",0,0,""
424,"Colorburn","Apple","",0,0,""
425,"Slow Shutter Cam","Apple","",0,0,""
426,"BestMe Selfie Camera","Apple","",0,0,""
427,"Seene","Apple","",0,0,""
428,"Smile Cam","Apple","",0,0,""
429,"Shoot by ProCam","Apple","",0,0,""
430,"Hipstamatic DSPO","Apple","",0,0,""
431,"Cinimatic","Apple","",0,0,""
432,"CollabraCam","Apple","",0,0,""
433,"FilMiC Pro","Apple","",0,0,""
434,"Camu ","Apple","",0,0,""
435,"Paper Camera","Apple","",0,0,""
436,"Steady Camera","Apple","",0,0,""
437,"Hyperlapse","Apple","",0,0,""
438,"Camera 360","Apple","",0,0,""
439,"NightCap Pro","Apple","",0,0,""
440,"8mm Vintage Camera","Apple","",0,0,""
441,"Hydra","Apple","",0,0,""
442,"TinType by Hipstamatic","Apple","",0,0,""
443,"Camera Plus","Apple","",0,0,""
444,"Manual Cam","Apple","",0,0,""
445,"Lapse it Pro","Apple","",0,0,""
446,"BBuzzArt","Apple","",0,0,""
447,"500px","Apple","",0,0,""
448,"Flare","Apple","",0,0,""
449,"Vimeo","Apple","",0,0,""
450,"Showzee","Apple","",0,0,""
451,"Getty Images","Apple","",0,0,""
452,"Colortopia","Apple","",0,0,""
453,"Byte","Apple","",0,0,""
454,"Instagram","Apple","",0,0,""
455,"Postly","Apple","",0,0,""
456,"Clashem","Apple","",0,0,""
457,"Flamingo","Apple","",0,0,""
458,"Timehop","Apple","",0,0,""
459,"Wander Co","Apple","",0,0,""
460,"Lappsy","Apple","",0,0,""
461,"Storie","Apple","",0,0,""
462,"Cardwhel","Apple","",0,0,""
463,"Steller","Apple","",0,0,""
464,"SocialBattles","Apple","",0,0,""
465,"Snapwire","Apple","",0,0,""
466,"Roll","Apple","",0,0,""
467,"PHHHOTO","Apple","",0,0,""
468,"Vine","Apple","",0,0,""
469,"Kanvas","Apple","",0,0,""
470,"Storehouse","Apple","",0,0,""
471,"Flickr","Apple","",0,0,""
472,"Snapchat","Apple","",0,0,""
473,"Frontback","Apple","",0,0,""
474,"Getty Images Stream","Apple","",0,0,""
475,"Memoir","Apple","",0,0,""
476,"MixBit","Apple","",0,0,""
477,"iStock","Apple","",0,0,""
478,"Oggl","Apple","",0,0,""
479,"Sphere ","Apple","",0,0,""
480,"Undercover","Apple","",0,0,""
481,"File New","Apple","",0,0,""
482,"Live Wallpapers by Pulse","Apple","",0,0,""
483,"Foodie","Apple","",0,0,""
484,"Cinemagraph Pro","Apple","",0,0,""
485,"Ultralight / Photo Editor","Apple","",0,0,""
486,"Enlight","Apple","",0,0,""
487,"Pixelmator","Apple","",0,0,""
488,"MOLDIV","Apple","",0,0,""
489,"Relight ","Apple","",0,0,""
490,"Defocus","Apple","",0,0,""
491,"Afterlight","Apple","",0,0,""
492,"Lucid","Apple","",0,0,""
493,"Color Curves","Apple","",0,0,""
494,"Whitagram","Apple","",0,0,""
495,"Priime","Apple","",0,0,""
496,"Inkboard","Apple","",0,0,""
497,"Filterloop Pro","Apple","",0,0,""
498,"Darkroom ","Apple","",0,0,""
499,"Pixl TM","Apple","",0,0,""
500,"Bazaart","Apple","",0,0,""
501,"EyeEm","Apple","",0,0,""
502,"B612","Apple","",0,0,""
503,"Fragment","Apple","",0,0,""
504,"Retype","Apple","",0,0,""
505,"PicJoy","Apple","",0,0,""
506,"Generate App","Apple","",0,0,""
507,"Waterlogue","Apple","",0,0,""
508,"Sparelens","Apple","",0,0,""
509,"Cover","Apple","",0,0,""
510,"Matter ","Apple","",0,0,""
511,"Union","Apple","",0,0,""
512,"Coowl","Apple","",0,0,""
513,"Typorama","Apple","",0,0,""
514,"Shift ","Apple","",0,0,""
515,"BLACK","Apple","",0,0,""
516,"REBELSAUCE","Apple","",0,0,""
517,"Filters for iPhone and iPad","Apple","",0,0,""
518,"PICSPLAY 2","Apple","",0,0,""
519,"Looksee","Apple","",0,0,""
520,"Lumis","Apple","",0,0,""
521,"Video 2","Apple","",0,0,""
522,"Bitpoem","Apple","",0,0,""
523,"Facetune","Apple","",0,0,""
524,"Fused ","Apple","",0,0,""
525,"Photo Editor by Aviary","Apple","",0,0,""
526,"PicPlayPost","Apple","",0,0,""
527,"Camera+ ","Apple","",0,0,""
528,"Manual  ","Apple","",0,0,""
529,"Project Life","Apple","",0,0,""
530,"POMELO","Apple","",0,0,""
531,"Fotograf","Apple","",0,0,""
532,"Photo Wizard Pro","Apple","",0,0,""
533,"Opak Photo Editor","Apple","",0,0,""
534,"Lumie","Apple","",0,0,""
535,"SKRWT","Apple","",0,0,""
536,"layr","Apple","",0,0,""
537,"XTRAPOP","Apple","",0,0,""
538,"Cameleon","Apple","",0,0,""
539,"Color Splash","Apple","",0,0,""
540,"Brishstroke","Apple","",0,0,""
541,"Stacklabels","Apple","",0,0,""
542,"Rookie Cam","Apple","",0,0,""
543,"LoryStripes","Apple","",0,0,""
544,"Pixlr","Apple","",0,0,""
545,"Isometric","Apple","",0,0,""
546,"vhoto","Apple","",0,0,""
547,"Adobe Photoshop Mix","Apple","",0,0,""
548,"Image Blender","Apple","",0,0,""
549,"PosterLabs","Apple","",0,0,""
550,"Adobe Photoshop ","Apple","",0,0,""
551,"Snapseed","Apple","",0,0,""
552,"Repix","Apple","",0,0,""
553,"PicLab Studio","Apple","",0,0,""
554,"GoPro","Windows","",0,0,""
555,"PicsArt","Windows","",0,0,""
556,"Snap Photo Filters & Stickers","Windows","",0,0,""
557,"Phototastic Collage","Windows","",0,0,""
558,"VLC","Windows","",0,0,""
559,"das Image","Windows","",0,0,""
560,"Camera 360 Sight ","Windows","",0,0,""
561,"4Blend HDR","Windows","",0,0,""
562,"PicsArt Photo Studio China","Windows","",0,0,""
563,"B612","Windows","",0,0,""
564,"Plex","Windows","",0,0,""
565,"Galleries","Windows","",0,0,""
566,"Fhotoroom","Windows","",0,0,""
567,"Adobe Photoshop Express","Windows","",0,0,""
568,"OneShot","Windows","",0,0,""
569,"Movie Maker 8.1","Windows","",0,0,""
570,"PicStitch","Windows","",0,0,""
571,"Picture Perfect","Windows","",0,0,""
572,"Flipagram","Windows","",0,0,""
573,"Channel 0","Windows","",0,0,""
574,"SplitPic","Windows","",0,0,""
575,"Font Candy Typography","Windows","",0,0,""
576,"Video Editor Master","Windows","",0,0,""
577,"Videoshop","Windows","",0,0,""
578,"ProShot","Windows","",0,0,""
579,"MoliPlayer Pro","Windows","",0,0,""
580,"PicSketch Free","Windows","",0,0,""
581,"Camera 365","Windows","",0,0,""
582,"Media Locker Pro","Windows","",0,0,""
583,"CCPlayer","Windows","",0,0,""
584,"PhotoCollage","Windows","",0,0,""
585,"Video Memories","Windows","",0,0,""
586,"Easy selfie free","Windows","",0,0,""
587,"SuperPhoto","Windows","",0,0,""
588,"Fantasia Painter Free","Windows","",0,0,""
589,"Perfect 365","Windows","",0,0,""
590,"Papercut Free","Windows","",0,0,""
591,"Oplaycast","Windows","",0,0,""
592,"LOL effects","Windows","",0,0,""
593,"Afterlight","Windows","",0,0,""
594,"Vocal Camera","Windows","",0,0,""
595,"Hi Collage","Windows","",0,0,""
596,"Fused","Windows","",0,0,""
597,"PhotFunia","Windows","",0,0,""
598,"InstaSize","Windows","",0,0,""
599,"Video Cutter & Compressor","Windows","",0,0,""
600,"TouchRetouch","Windows","",0,0,""
601,"Create A Perfect Selfie","Windows","",0,0,""
602,"Fantasia Painter ","Windows","",0,0,""
603,"Photo Box Pro","Windows","",0,0,""
604,"Beautiful Photo ","Windows","",0,0,""
605,"My Webcam","Windows","",0,0,""
606,"Upload to Youtube","Windows","",0,0,""
607,"Lock Themes","Windows","",0,0,""
608,"CropiPic ","Windows","",0,0,""
609,"IP CAM Controller","Windows","",0,0,""
610,"Pano","Windows","",0,0,""
611,"Pencil Sketch Collage","Windows","",0,0,""
612,"Beardify","Windows","",0,0,""
613,"Pic Collage","Windows","",0,0,""
614,"Tattoo My Photo Editor 2.0","Windows","",0,0,""
615,"GeoPhoto","Windows","",0,0,""
616,"Oldify ","Windows","",0,0,""
617,"Sceret Photos & Videos","Windows","",0,0,""
618,"InstaBeauty Selfies","Windows","",0,0,""
619,"Pictures Lab","Windows","",0,0,""
620,"GIF Viewer","Windows","",0,0,""
621,"Camera Remote","Windows","",0,0,""
622,"Sketch Camera","Windows","",0,0,""
623,"Video to Photo","Windows","",0,0,""
624,"HDR Photo Camera ","Windows","",0,0,""
625,"PicLab","Windows","",0,0,""
626,"Blink","Windows","",0,0,""
627,"Photo Lock Pro","Windows","",0,0,""
628,"Best Player","Windows","",0,0,""
629,"Coollage","Windows","",0,0,""
630,"Create a New Face","Windows","",0,0,""
631,"Yi Action Camera","Windows","",0,0,""
632,"Animal Face","Windows","",0,0,""
633,"Love Emoji Stickers","Windows","",0,0,""
634,"Spy Cam","Windows","",0,0,""
635,"My Memories Interactive","Windows","",0,0,""
636,"Fotor","Windows","",0,0,""
637,"IseeYou","Windows","",0,0,""
638,"FaceSwap","Windows","",0,0,""
639,"Photo Editor by Aviary","Windows","",0,0,""
640,"Metrogram","Windows","",0,0,""
641,"Hidden Camera Premium","Windows","",0,0,""
642,"Start Slideshow","Windows","",0,0,""
643,"InstaBlender","Windows","",0,0,""
644,"Unit Converter","Windows","",0,0,""
645,"Photo-Info","Windows","",0,0,""
646,"Baldify - Go Bald","Windows","",0,0,""
647,"CameraPro","Windows","",0,0,""
648,"Sketch Me! Pro","Windows","",0,0,""
649,"Fhotolens","Windows","",0,0,""
650,"Photo Dot Lock","Windows","",0,0,""
651,"Tattoo Me ","Windows","",0,0,""
652,"Troller","Windows","",0,0,""
653,"Artile 2.3 Beta","Windows","",0,0,""
654,"Morfo","Windows","",0,0,""
655,"Passport Photos","Windows","",0,0,""
656,"Private Album","Windows","",0,0,""
657,"Easy Selfie ","Windows","",0,0,""
658,"Photo Locker","Windows","",0,0,""
659,"Turbo Camera","Windows","",0,0,""
660,"Panascout Camera App","Windows","",0,0,""
661,"FACEinHOLE","Windows","",0,0,""
662,"Phototag","Windows","",0,0,""
663,"Diptic","Windows","",0,0,""
664,"Fix red eye","Windows","",0,0,""
665,"Photowesome","Windows","",0,0,""
666,"Picture Perfect for Instagram","Windows","",0,0,""
667,"Photo Lock Free","Windows","",0,0,""
668,"Lock Pic","Windows","",0,0,""
669,"Movie Moments","Windows","",0,0,""
670,"Photo & Video Locker","Windows","",0,0,""
671,"Prime","Windows","",0,0,""
672,"480px","Windows","",0,0,""
673,"Selfie Camera !","Windows","",0,0,""
674,"GooTIle Camera Magic Pro","Windows","",0,0,""
675,"500 Backgrounds","Windows","",0,0,""
676,"Phot Grid Frame","Windows","",0,0,""
677,"Mirror Cam","Windows","",0,0,""
678,"Gif Me Camera! Pro","Windows","",0,0,""
679,"Lock & Hide","Windows","",0,0,""
680,"Pocketbooth","Windows","",0,0,""
681,"Pics Collage","Windows","",0,0,""
682,"Super Camera","Windows","",0,0,""
683,"Stop Motion Studio","Windows","",0,0,""
684,"Hyperlapse Mobile Hidden Camera ","Windows","",0,0,""
685,"Kyms Calc","Windows","",0,0,""
686,"Video Cutter Editor","Windows","",0,0,""
687,"GooTile Photo","Windows","",0,0,""
688,"SuperPhoto Free","Windows","",0,0,""
689,"Slow Motion Video Pro","Windows","",0,0,""
690,"Photo2Video","Windows","",0,0,""
691,"Photo Frame - Wedding","Windows","",0,0,""
692,"GooTile Desktop","Windows","",0,0,""
693,"Secure Photo Gallery","Windows","",0,0,""
694,"Pencil Sketch Master","Windows","",0,0,""
695,"Mirror Photo Grid","Windows","",0,0,""
696,"Camera Spy","Windows","",0,0,""
697,"Lomogram +","Windows","",0,0,""
698,"Color Text Fix","Windows","",0,0,""
699,"PhotoLab","Windows","",0,0,""
700,"Photo 360 Collage","Windows","",0,0,""
701,"Parma Video Player","Windows","",0,0,""
702,"TurnMe Panorama","Windows","",0,0,""
703,"Lady Beautiful ","Windows","",0,0,""
704,"Change Eyes Color","Windows","",0,0,""
705,"PIP Camera Selfie Photo In Pic","Windows","",0,0,""
706,"Photo Grid Art","Windows","",0,0,""
707,"Photo Story ","Windows","",0,0,""
708,"SophieLens HD","Windows","",0,0,""
709,"OneLens","Windows","",0,0,""
710,"Private Album Free","Windows","",0,0,""
711,"Video Converter any Format","Windows","",0,0,""
712,"kodi remote free","Windows","",0,0,""
713,"PicPlayPost","Windows","",0,0,""
714,"Funny Camera +","Windows","",0,0,""
715,"Square Blur Insta Square Size","Windows","",0,0,""
716,"Wish you were here","Windows","",0,0,""
717,"Volet","Windows","",0,0,""
718,"Flicker Central","Windows","",0,0,""
719,"Text On Phtoos","Windows","",0,0,""
720,"Sense the Color (Free)","Windows","",0,0,""
721,"Pic Collage Masters","Windows","",0,0,""
722,"Tatto Design Editor","Windows","",0,0,""
723,"Photo Frame: Nature","Windows","",0,0,""
724,"Pic in Pic (PIP) No Crop Instagram","Windows","",0,0,""
725,"InstaCam","Windows","",0,0,""
726,"FosCam Pro","Windows","",0,0,""
727,"Pix Casa","Windows","",0,0,""
728,"Autodesk Pixlr","Windows","",0,0,""
729,"InstaBlurrr","Windows","",0,0,""
730,"Insta Download Pro","Windows","",0,0,""
731,"Insta Square Size Colalge","Windows","",0,0,""
732,"Photo Perfect","Windows","",0,0,""
733,"Color Splash Effect Photo Editor","Windows","",0,0,""
734,"Photo Lab Photo Editor","Windows","",0,0,""
735,"Face Fun Phot Collage Maker 2","Windows","",0,0,""
736,"Voice Selfie","Windows","",0,0,""
737,"Vault","Windows","",0,0,""
738,"LazyLens","Windows","",0,0,""
739,"4Effects ","Windows","",0,0,""
740,"Photo Frame Editor Collage","Windows","",0,0,""
741,"Photo Editor !","Windows","",0,0,""
742,"Fun Face Changer Photo Studio","Windows","",0,0,""
743,"Imagefusion","Windows","",0,0,""
744,"Scroll Tile","Windows","",0,0,""
745,"Free Prints","Windows","",0,0,""
746,"Cartoon Camera !","Windows","",0,0,""
747,"Momento ","Windows","",0,0,""
748,"PhotoMic","Windows","",0,0,""
749,"Collage Photo Editor","Windows","",0,0,""
750,"Shii Overlays - Cute","Windows","",0,0,""
751,"PixAnimator ","Windows","",0,0,""
752,"Fantasy Photo Editor","Windows","",0,0,""
753,"Picasa+","Windows","",0,0,""
754,"Bazoo Collage","Windows","",0,0,""
755,"Action Movie FX","Windows","",0,0,""
756,"4Shot","Windows","",0,0,""
757,"Selfie Cam HD","Windows","",0,0,""
758,"Download Video","Windows","",0,0,""
759,"GooTile Wallpaper","Windows","",0,0,""
760,"Retro Camera Filters","Windows","",0,0,""
761,"Write on Image","Windows","",0,0,""
762,"Photo Frame Grid","Windows","",0,0,""
763,"Daily Wallpapers","Windows","",0,0,""
764,"Camera Cool","Windows","",0,0,""
765,"FaceQ","Windows","",0,0,""
766,"Slow Camera Foto M!","Windows","",0,0,""
767,"Cut Paste Photo Edit","Windows","",0,0,""
768,"Lock Buster","Windows","",0,0,""
769,"Insta Square Mirror effect","Windows","",0,0,""
770,"Photo Editor 10","Windows","",0,0,""
771,"Funny Face Canger II","Windows","",0,0,""
772,"WowPhoto Free","Windows","",0,0,""
773,"Photograffiti Free ","Windows","",0,0,""
774,"Sticker Wonder","Windows","",0,0,""
775,"Joyeye","Windows","",0,0,""
776,"DS photo","Windows","",0,0,""
777,"Troll Camera 360","Windows","",0,0,""
778,"VideoFX Dre","Windows","",0,0,""
779,"Ztitch +","Windows","",0,0,""
780,"IntstaFun","Windows","",0,0,""
781,"PhotoEffect","Windows","",0,0,""
782,"MagicPhotos","Windows","",0,0,""
783,"Creative Photo ","Windows","",0,0,""
784,"Face Changer Bollywood","Windows","",0,0,""
785,"Sketch Me ","Windows","",0,0,""
786,"Action Selfie","Windows","",0,0,""
787,"Xim","Windows","",0,0,""
788,"Troll Face Photo","Windows","",0,0,""
789,"Photo Editor","Windows","",0,0,""
790,"mPhotoEditor+","Windows","",0,0,""
791,"4in1Camera","Windows","",0,0,""
792,"Photo Camera","Windows","",0,0,""
793,"Sketch Pad","Windows","",0,0,""
794,"Mdscan Free","Windows","",0,0,""
795,"Kids Photo Frames","Windows","",0,0,""
796,"Photo Buddy++ Cosmogram HD","Windows","",0,0,""
797,"London Men Suit Frame","Windows","",0,0,""
798,"Rose HD Photo Frames","Windows","",0,0,""
799,"Photo Club","Windows","",0,0,""
800,"Easy Photo Editor","Windows","",0,0,""
801,"Black and White ","Windows","",0,0,""
802,"Indulged","Windows","",0,0,""
803,"Picture Collage","Windows","",0,0,""
804,"Frame My Photos","Windows","",0,0,""
805,"Beautiful Frames HD720","Windows","",0,0,""
806,"Awesome Camera","Windows","",0,0,""
807,"Vid2Pix","Windows","",0,0,""
808,"Color Splash Frames Pic Editor","Windows","",0,0,""
809,"Amicus Dual Shot","Windows","",0,0,""
810,"Sketch Maker","Windows","",0,0,""
811,"PhotoPatcher","Windows","",0,0,""
812,"Photo Frames Kids Edition","Windows","",0,0,""
813,"Photo Into Caricaure","Windows","",0,0,""
814,"Flowers HD Photo Frames ","Windows","",0,0,""
815,"Live Kaleidescope ","Windows","",0,0,""
816,"DSLR Toolbox","Windows","",0,0,""
817,"DualCamPhoto","Windows","",0,0,""
818,"Ciel","Windows","",0,0,""
819,"TinyPlanet","Windows","",0,0,""
820,"TV italia Free","Windows","",0,0,""
821,"Diorama","Windows","",0,0,""
822,"Image Map","Windows","",0,0,""
823,"MonsterCam","Windows","",0,0,""
824,"OI wireless","Windows","",0,0,""
825,"Beautiful Lens","Windows","",0,0,""
826,"Image Squeezer","Windows","",0,0,""
827,"Tileagram","Windows","",0,0,""
828,"InSquare","Windows","",0,0,""
829,"APODViewer7","Windows","",0,0,""
830,"Music Lens Free","Windows","",0,0,""
831,"Text Extractor","Windows","",0,0,""
832,"Ninja Editor","Windows","",0,0,""
833,"Art Painting","Windows","",0,0,""
834,"Photop - Photo Collage","Windows","",0,0,""
835,"Screenshot Join","Windows","",0,0,""
836,"CamFish","Windows","",0,0,""
837,"InstaSign","Windows","",0,0,""
838,"AppMagics Camera","Windows","",0,0,""
839,"PhotoTImer","Windows","",0,0,""
840,"PicLabs","Windows","",0,0,""
841,"Mustache Maker","Windows","",0,0,""
842,"Ve Chibi+","Windows","",0,0,""
843,"Tuding","Windows","",0,0,""
844,"Depth of Field 7","Windows","",0,0,""
845,"[+]LomoCam","Windows","",0,0,""
846,"imgura","Windows","",0,0,""
847,"Splashbox","Windows","",0,0,""
848,"Ravelle","Windows","",0,0,""
849,"Superimpose Lite","Windows","",0,0,""
850,"Photo Timeline","Windows","",0,0,""
851,"Flowers Frames Cute","Windows","",0,0,""
852,"TimeShot","Windows","",0,0,""
853,"Photowrite","Windows","",0,0,""
854,"Tri-x 400 Picturex","Windows","",0,0,""
855,"Pic Effects","Windows","",0,0,""
856,"MusifyPictures","Windows","",0,0,""
857,"TimeLapse Taker","Windows","",0,0,""
858,"Quoter","Windows","",0,0,""
859,"TaTaCam","Windows","",0,0,""
860,"Monsters Photo","Windows","",0,0,""
861,"Private Life","Windows","",0,0,""
862,"PhotoMark","Windows","",0,0,""
863,"Kiosk","Windows","",0,0,""
864,"ND Converter","Windows","",0,0,""
865,"Weather Lens Beta","Windows","",0,0,""
866,"Comic IT","Windows","",0,0,""
867,"QuickResize","Windows","",0,0,""
868,"Fast Camera","Windows","",0,0,""
869,"Valentine Book","Windows","",0,0,""
870,"Pictro","Windows","",0,0,""
871,"Pikura","Windows","",0,0,""
872,"Monochromatic","Windows","",0,0,""
873,"Photo Mossaic","Windows","",0,0,""
874,"Steadycam","Windows","",0,0,""
875,"Say it with Cats","Windows","",0,0,""
876,"Princess Photo  ","Windows","",0,0,""
877,"Meme Lens Pro","Windows","",0,0,""
878,"InstaCards","Windows","",0,0,""
879,"Postcard on the Run","Windows","",0,0,""
880,"AR Flower Dress","Windows","",0,0,""
881,"BlurIT","Windows","",0,0,""
882,"Stampify","Windows","",0,0,""
883,"PokaMax","Windows","",0,0,""
884,"Photo Beauty Grid Collage","Windows","",0,0,""
885,"Square Blend Pic Insta Square Size","Windows","",0,0,""
886,"Rio Flag Profile Photos","Windows","",0,0,""
887,"Extravagant Picture Collage","Windows","",0,0,""
888,"Body Builder Face Changer","Windows","",0,0,""
889,"MOLOME","Windows","",0,0,""
890,"Phototex: Urdu Text on Photos","Windows","",0,0,""
891,"Ghep ahn Cool","Windows","",0,0,""
892,"Tattoo my photo HD","Windows","",0,0,""
893,"Tattoos Maker","Windows","",0,0,""
894,"Man Suit Photo Maker","Windows","",0,0,""
895,"Giddyology 8","Windows","",0,0,""
896,"VTV Viet","Windows","",0,0,""
897,"Photo superscribe 3.1","Windows","",0,0,""
898,"Phototools","Windows","",0,0,""
899,"Glass photo frame","Windows","",0,0,""
900,"nails","Windows","",0,0,""
901,"Ghep anh nge thuat Khung anhï¿½","Windows","",0,0,""
902,"Hijab Woman Photo Montage","Windows","",0,0,""
903,"Photo Light","Windows","",0,0,""
904,"DUKDIK","Windows","",0,0,""
905,"XNRetro Pro","Windows","",0,0,""
906,"FlickShare","Windows","",0,0,""
907,"Picture Gallery","Windows","",0,0,""
908,"360 Cities","Windows","",0,0,""
909,"Private Snaps","Windows","",0,0,""
910,"Pencil Sketch ","Windows","",0,0,""
911,"Photo Editor Lite","Windows","",0,0,""
912,"2015 Calendar Photo Frames","Windows","",0,0,""
913,"Magic Frame Free","Windows","",0,0,""
914,"PhotoJet - Photo Transfer by Tagg","Windows","",0,0,""
915,"Photo Slide","Windows","",0,0,""
916,"Cool Pix","Windows","",0,0,""
917,"Sri Lankan Photography","Windows","",0,0,""
918,"YO Foto Yo Free","Windows","",0,0,""
919,"Pic Canvas","Windows","",0,0,""
920,"FilterBank","Windows","",0,0,""
921,"Pa-ta-ta","Windows","",0,0,""
922,"Pet Selfie","Windows","",0,0,""
923,"Double Shot ","Windows","",0,0,""
924,"My Fake Holidays","Windows","",0,0,""
925,"Phox","Windows","",0,0,""
926,"Couple Shots","Windows","",0,0,""
927,"Blockbuster Photo","Windows","",0,0,""
928,"OnePhoto","Windows","",0,0,""
929,"Spinster","Windows","",0,0,""
930,"Photo Blur","Windows","",0,0,""
931,"Pixel Heritage","Windows","",0,0,""
932,"Photo Fusion","Windows","",0,0,""
933,"Draw you Postcard","Windows","",0,0,""
934,"Collagify","Windows","",0,0,""
935,"Couple SHots","Windows","",0,0,""
936,"Pencilio Free","Windows","",0,0,""
937,"Fixed Camera","Windows","",0,0,""
938,"CamSpeed","Windows","",0,0,""
939,"MapLense","Windows","",0,0,""
940,"PicShare","Windows","",0,0,""
941,"Dark Viewer","Windows","",0,0,""
942,"Cats in Pictures","Windows","",0,0,""
943,"Photo Explorer","Windows","",0,0,""
944,"GBCamera","Windows","",0,0,""
945,"Plider","Windows","",0,0,""
946,"MetroWeather","Windows","",0,0,""
947,"photo-e-factz","Windows","",0,0,""
948,"Pic Me","Windows","",0,0,""
949,"Cam Effect 2","Windows","",0,0,""
950,"PhotoRay","Windows","",0,0,""
951,"Comixy","Windows","",0,0,""
952,"Easy Effects","Windows","",0,0,""
953,"Memies","Windows","",0,0,""
954,"Artistic","Windows","",0,0,""
955,"Times Photos","Windows","",0,0,""
956,"Greetings from Italy","Windows","",0,0,""
957,"PhotoScrambler","Windows","",0,0,""
958,"Tet Camera","Windows","",0,0,""
959,"Halloween Photo Frames Deluxe","Windows","",0,0,""
960,"Picture Box","Windows","",0,0,""
961,"Comic It!","Windows","",0,0,""
962," Photo Views","Windows","",0,0,""
963,"Flic!","Windows","",0,0,""
964,"Quoter","Windows","",0,0,""
965,"Pik ","Windows","",0,0,""
966,"Patchwork","Windows","",0,0,""
967,"Salon del la Photo a Paris","Windows","",0,0,""
968,"ZZ Fram","Windows","",0,0,""
969,"Fanfie","Windows","",0,0,""
970,"Volevi Filtewr Maker","Windows","",0,0,""
971,"Picture Dream","Windows","",0,0,""
972,"VoxPixl","Windows","",0,0,""
973,"Reframe","Windows","",0,0,""
974,"X-Dog","Windows","",0,0,""
975,"fotojelly","Windows","",0,0,""
976,"Kikkake Camera","Windows","",0,0,""
977,"Flickpic","Windows","",0,0,""
978,"CorizIt Lite","Windows","",0,0,""
979,"Snapcrowd","Windows","",0,0,""
980,"Vintage me","Windows","",0,0,""
981,"forocommunity","Windows","",0,0,""
982,"snow","Windows","",0,0,""
983,"ImgEffect","Windows","",0,0,""
984,"Blix","Windows","",0,0,""
985,"Marmelo","Windows","",0,0,""
986,"TuksuCam Pro","Windows","",0,0,""
987,"GetOutCast","Windows","",0,0,""
988,"SpyCam Video & Photo","Windows","",0,0,""
989,"Gliimlogue","Windows","",0,0,""
990,"Waterlogue by Tinrocket","Windows","",0,0,""
991,"HD Photo Viewer 8.1","Windows","",0,0,""
992,"Tiny Planets Pro","Windows","",0,0,""
993,"Photo Lock Advanced Pro","Windows","",0,0,""
994,"Picsketch","Windows","",0,0,""
995,"Levitagram","Windows","",0,0,""
996,"APODViewer7Pro","Windows","",0,0,""
997,"Band Camera Control","Windows","",0,0,""
998,"PhotoGrid","Windows","",0,0,""
999,"ReadyClick!","Windows","",0,0,""
1000,"Hair Stylist","Windows","",0,0,""
1001,"Photo Effects ","Windows","",0,0,""
1002,"InstaQuote","Windows","",0,0,""
1003,"InstantPhotoBooth","Windows","",0,0,""
1004,"Draw on Screen pro","Windows","",0,0,""
1005,"Posing app","Windows","",0,0,""
1006,"Clever Camera","Windows","",0,0,""
1007,"Planetical","Windows","",0,0,""
1008,"WowLock M","Windows","",0,0,""
1009,"refocus","Windows","",0,0,""
1010,"photographers too","Windows","",0,0,""
1011,"Horizon Angle","Windows","",0,0,""
1012,"Melange","Windows","",0,0,""
1013,"Device Shot ","Windows","",0,0,""
1014,"AsciiCam","Windows","",0,0,""
1015,"Sozoom LITE","Windows","",0,0,""
1016,"Tile ME!","Windows","",0,0,""
1017,"Burst Camera Pro","Windows","",0,0,""
1018,"InstaPlace Pro","Windows","",0,0,""
1019,"Picture Vault","Windows","",0,0,""
1020,"Hello Friends","Windows","",0,0,""
1021,"Pictomaphone","Windows","",0,0,""
1022,"100 Dollar","Windows","",0,0,""
1023,"Cover cam","Windows","",0,0,""
1024,"Animal Face Pro","Windows","",0,0,""
1025,"MySticker","Windows","",0,0,""
1026,"MapLense Pro","Windows","",0,0,""
1027,"Soviet Kam","Windows","",0,0,""
1028,"TapShoot ","Windows","",0,0,""
1029,"Colorize","Windows","",0,0,""
1030,"PlaceCam","Windows","",0,0,""
1031,"A Beautiful Mess","Windows","",0,0,""
1032,"Photograpffiti","Windows","",0,0,""
1033,"BW Camera","Windows","",0,0,""
1034,"EyeEm","Android","",0,0,""
1035,"Camera MX","Android","",0,0,""
1036,"HD Camera Ultra","Android","",0,0,""
1037,"Cymera","Android","",0,0,""
1038,"High Speed Camera","Android","",0,0,""
1039,"Cameraingo","Android","",0,0,""
1040,"HD Camera Pro for Android","Android","",0,0,""
1041,"Camera FV-5 Lite","Android","",0,0,""
1042,"Super Photo ","Android","",0,0,""
1043,"Open Camera","Android","",0,0,""
1044,"Samsung Smart Camera App","Android","",0,0,""
1045,"HD Camera for Android","Android","",0,0,""
1046,"Swuare InstaPic","Android","",0,0,""
1047,"Camera Zoom FX","Android","",0,0,""
1048,"Camera for Android","Android","",0,0,""
1049,"Camera FV-5  ","Android","",0,0,""
1050,"Lapse it ","Android","",0,0,""
1051,"Adbobe Primere Clip","Android","",0,0,""
1052,"VSCO","Android","",0,0,""
1053,"IP Webcam","Android","",0,0,""
1054,"Shutterfly for Android","Android","",0,0,""
1055,"QuickPic Gallery","Android","",0,0,""
1056,"Muzy","Android","",0,0,""
1057,"Google Photos","Android","",0,0,""
1058,"Instagram","Android","",0,0,""
1059,"SnapCaht","Android","",0,0,""
1060,"Vine","Android","",0,0,""
1061,"Noah Camera","Android","",0,0,""
1062,"Lune","Android","",0,0,""
1063,"Rookie Cam by JellyBus","Android","",0,0,""
1064,"Candy Camera","Android","",0,0,""
1065,"Camera 360","Android","",0,0,""
1066,"Pixlr","Android","",0,0,""
1067,"FilterGrid Fotor Photo Editor","Android","",0,0,""
1068,"InstaSize","Android","",0,0,""
1069,"PicsArt","Android","",0,0,""
1070,"Photo Wonder","Android","",0,0,""
1071,"YouCam Perfect","Android","",0,0,""
1072,"Toolwiz Photos Editor","Android","",0,0,""
1073,"PixelLab","Android","",0,0,""
1074,"Sketch Camera","Android","",0,0,""
1075,"BIKINI","Android","",0,0,""
1076,"EyeEm","Android","",0,0,""
1077,"AirBrush","Android","",0,0,""
1078,"PhotoDirector","Android","",0,0,""
1079,"POMELO","Android","",0,0,""
1080,"Glitchr","Android","",0,0,""
1081,"LightroomCC","Apple","",0,0,""
1082,"RAW+","Apple","",0,0,""
